,raw_rate,fidelity,fidelity_err,key_per_time,key_per_time_err
"(0.1, 5000.0)",7874.015748031496,0.960318279975626,0.0,5098.815201943907,0.0
"(0.1, 200000.0)",6.108932090461886e-08,0.7776501738865026,0.0,-6.975293989567009e-09,0.0
"(1.0, 5000.0)",7874.015748031496,0.960366581661732,0.0,5100.793550902316,0.0
"(1.0, 200000.0)",7.29733171153337e-05,0.4802894256616246,0.0,-3.2087090692695744e-05,0.0
